image_name,x
cardboard106.jpg,CARDBOARD
cardboard107.jpg,CARDBOARD
cardboard108.jpg,CARDBOARD
cardboard109.jpg,CARDBOARD
cardboard110.jpg,CARDBOARD
cardboard111.jpg,CARDBOARD
cardboard112.jpg,CARDBOARD
cardboard113.jpg,CARDBOARD
cardboard114.jpg,CARDBOARD
cardboard115.jpg,CARDBOARD
cardboard116.jpg,CARDBOARD
cardboard117.jpg,CARDBOARD
cardboard118.jpg,CARDBOARD
cardboard119.jpg,CARDBOARD
cardboard120.jpg,CARDBOARD
cardboard121.jpg,CARDBOARD
cardboard122.jpg,CARDBOARD
cardboard123.jpg,CARDBOARD
cardboard124.jpg,CARDBOARD
cardboard125.jpg,CARDBOARD
cardboard126.jpg,CARDBOARD
cardboard127.jpg,CARDBOARD
cardboard128.jpg,CARDBOARD
cardboard129.jpg,CARDBOARD
cardboard130.jpg,CARDBOARD
cardboard131.jpg,CARDBOARD
cardboard132.jpg,CARDBOARD
cardboard133.jpg,CARDBOARD
cardboard134.jpg,CARDBOARD
cardboard135.jpg,CARDBOARD
cardboard136.jpg,CARDBOARD
cardboard137.jpg,CARDBOARD
cardboard138.jpg,CARDBOARD
cardboard139.jpg,CARDBOARD
cardboard140.jpg,CARDBOARD
cardboard141.jpg,CARDBOARD
cardboard142.jpg,CARDBOARD
cardboard143.jpg,CARDBOARD
cardboard144.jpg,CARDBOARD
cardboard145.jpg,CARDBOARD
cardboard146.jpg,CARDBOARD
cardboard147.jpg,CARDBOARD
cardboard148.jpg,CARDBOARD
cardboard149.jpg,CARDBOARD
cardboard150.jpg,CARDBOARD
cardboard151.jpg,CARDBOARD
cardboard152.jpg,CARDBOARD
cardboard153.jpg,CARDBOARD
cardboard154.jpg,CARDBOARD
cardboard155.jpg,CARDBOARD
cardboard156.jpg,CARDBOARD
cardboard157.jpg,CARDBOARD
cardboard158.jpg,CARDBOARD
cardboard159.jpg,CARDBOARD
cardboard160.jpg,CARDBOARD
cardboard161.jpg,CARDBOARD
cardboard162.jpg,CARDBOARD
cardboard163.jpg,CARDBOARD
cardboard164.jpg,CARDBOARD
cardboard165.jpg,CARDBOARD
cardboard166.jpg,CARDBOARD
cardboard167.jpg,CARDBOARD
cardboard168.jpg,CARDBOARD
cardboard169.jpg,CARDBOARD
cardboard170.jpg,CARDBOARD
cardboard171.jpg,CARDBOARD
cardboard172.jpg,CARDBOARD
cardboard173.jpg,CARDBOARD
cardboard174.jpg,CARDBOARD
cardboard175.jpg,CARDBOARD
cardboard176.jpg,CARDBOARD
cardboard177.jpg,CARDBOARD
cardboard178.jpg,CARDBOARD
cardboard179.jpg,CARDBOARD
cardboard180.jpg,CARDBOARD
cardboard181.jpg,CARDBOARD
cardboard182.jpg,CARDBOARD
cardboard183.jpg,CARDBOARD
cardboard184.jpg,CARDBOARD
cardboard185.jpg,CARDBOARD
cardboard186.jpg,CARDBOARD
cardboard187.jpg,CARDBOARD
cardboard188.jpg,CARDBOARD
cardboard189.jpg,CARDBOARD
cardboard190.jpg,CARDBOARD
cardboard191.jpg,CARDBOARD
cardboard192.jpg,CARDBOARD
cardboard193.jpg,CARDBOARD
cardboard194.jpg,CARDBOARD
cardboard195.jpg,CARDBOARD
cardboard196.jpg,CARDBOARD
cardboard197.jpg,CARDBOARD
cardboard198.jpg,CARDBOARD
cardboard199.jpg,CARDBOARD
cardboard200.jpg,CARDBOARD
cardboard201.jpg,CARDBOARD
cardboard202.jpg,CARDBOARD
cardboard203.jpg,CARDBOARD
cardboard204.jpg,CARDBOARD
cardboard205.jpg,CARDBOARD
cardboard206.jpg,CARDBOARD
cardboard207.jpg,CARDBOARD
cardboard208.jpg,CARDBOARD
cardboard209.jpg,CARDBOARD
cardboard210.jpg,CARDBOARD
cardboard211.jpg,CARDBOARD
cardboard212.jpg,CARDBOARD
cardboard213.jpg,CARDBOARD
cardboard214.jpg,CARDBOARD
cardboard215.jpg,CARDBOARD
cardboard216.jpg,CARDBOARD
cardboard217.jpg,CARDBOARD
cardboard218.jpg,CARDBOARD
cardboard219.jpg,CARDBOARD
cardboard220.jpg,CARDBOARD
cardboard221.jpg,CARDBOARD
cardboard222.jpg,CARDBOARD
cardboard223.jpg,CARDBOARD
cardboard224.jpg,CARDBOARD
cardboard225.jpg,CARDBOARD
cardboard226.jpg,CARDBOARD
cardboard227.jpg,CARDBOARD
cardboard228.jpg,CARDBOARD
cardboard229.jpg,CARDBOARD
cardboard230.jpg,CARDBOARD
cardboard231.jpg,CARDBOARD
cardboard232.jpg,CARDBOARD
cardboard233.jpg,CARDBOARD
cardboard234.jpg,CARDBOARD
cardboard235.jpg,CARDBOARD
cardboard236.jpg,CARDBOARD
cardboard237.jpg,CARDBOARD
cardboard238.jpg,CARDBOARD
cardboard239.jpg,CARDBOARD
cardboard240.jpg,CARDBOARD
cardboard241.jpg,CARDBOARD
cardboard242.jpg,CARDBOARD
cardboard243.jpg,CARDBOARD
cardboard244.jpg,CARDBOARD
cardboard245.jpg,CARDBOARD
cardboard246.jpg,CARDBOARD
cardboard247.jpg,CARDBOARD
cardboard248.jpg,CARDBOARD
cardboard249.jpg,CARDBOARD
cardboard250.jpg,CARDBOARD
cardboard251.jpg,CARDBOARD
cardboard252.jpg,CARDBOARD
cardboard253.jpg,CARDBOARD
cardboard254.jpg,CARDBOARD
cardboard255.jpg,CARDBOARD
cardboard256.jpg,CARDBOARD
cardboard257.jpg,CARDBOARD
cardboard258.jpg,CARDBOARD
cardboard259.jpg,CARDBOARD
cardboard260.jpg,CARDBOARD
cardboard261.jpg,CARDBOARD
cardboard262.jpg,CARDBOARD
cardboard263.jpg,CARDBOARD
cardboard264.jpg,CARDBOARD
cardboard265.jpg,CARDBOARD
cardboard266.jpg,CARDBOARD
cardboard267.jpg,CARDBOARD
cardboard268.jpg,CARDBOARD
cardboard269.jpg,CARDBOARD
cardboard270.jpg,CARDBOARD
cardboard271.jpg,CARDBOARD
cardboard272.jpg,CARDBOARD
cardboard273.jpg,CARDBOARD
cardboard274.jpg,CARDBOARD
cardboard275.jpg,CARDBOARD
cardboard276.jpg,CARDBOARD
cardboard277.jpg,CARDBOARD
cardboard278.jpg,CARDBOARD
cardboard279.jpg,CARDBOARD
cardboard280.jpg,CARDBOARD
cardboard281.jpg,CARDBOARD
cardboard282.jpg,CARDBOARD
cardboard283.jpg,CARDBOARD
cardboard284.jpg,CARDBOARD
cardboard285.jpg,CARDBOARD
cardboard286.jpg,CARDBOARD
cardboard287.jpg,CARDBOARD
cardboard288.jpg,CARDBOARD
cardboard289.jpg,CARDBOARD
cardboard290.jpg,CARDBOARD
cardboard291.jpg,CARDBOARD
cardboard292.jpg,CARDBOARD
cardboard293.jpg,CARDBOARD
cardboard294.jpg,CARDBOARD
cardboard295.jpg,CARDBOARD
cardboard296.jpg,CARDBOARD
cardboard297.jpg,CARDBOARD
cardboard298.jpg,CARDBOARD
cardboard299.jpg,CARDBOARD
cardboard300.jpg,CARDBOARD
cardboard301.jpg,CARDBOARD
cardboard302.jpg,CARDBOARD
cardboard303.jpg,CARDBOARD
cardboard304.jpg,CARDBOARD
cardboard305.jpg,CARDBOARD
cardboard306.jpg,CARDBOARD
cardboard307.jpg,CARDBOARD
cardboard308.jpg,CARDBOARD
cardboard309.jpg,CARDBOARD
cardboard310.jpg,CARDBOARD
cardboard311.jpg,CARDBOARD
cardboard312.jpg,CARDBOARD
cardboard313.jpg,CARDBOARD
cardboard314.jpg,CARDBOARD
cardboard315.jpg,CARDBOARD
cardboard316.jpg,CARDBOARD
cardboard317.jpg,CARDBOARD
cardboard318.jpg,CARDBOARD
cardboard319.jpg,CARDBOARD
cardboard320.jpg,CARDBOARD
cardboard321.jpg,CARDBOARD
cardboard322.jpg,CARDBOARD
cardboard323.jpg,CARDBOARD
cardboard324.jpg,CARDBOARD
cardboard325.jpg,CARDBOARD
cardboard326.jpg,CARDBOARD
cardboard327.jpg,CARDBOARD
cardboard328.jpg,CARDBOARD
cardboard329.jpg,CARDBOARD
cardboard330.jpg,CARDBOARD
cardboard331.jpg,CARDBOARD
cardboard332.jpg,CARDBOARD
cardboard333.jpg,CARDBOARD
cardboard334.jpg,CARDBOARD
cardboard335.jpg,CARDBOARD
cardboard336.jpg,CARDBOARD
cardboard337.jpg,CARDBOARD
cardboard338.jpg,CARDBOARD
cardboard339.jpg,CARDBOARD
cardboard340.jpg,CARDBOARD
cardboard341.jpg,CARDBOARD
cardboard342.jpg,CARDBOARD
cardboard343.jpg,CARDBOARD
cardboard344.jpg,CARDBOARD
cardboard345.jpg,CARDBOARD
cardboard346.jpg,CARDBOARD
cardboard347.jpg,CARDBOARD
cardboard348.jpg,CARDBOARD
cardboard349.jpg,CARDBOARD
cardboard350.jpg,CARDBOARD
cardboard351.jpg,CARDBOARD
cardboard352.jpg,CARDBOARD
cardboard353.jpg,CARDBOARD
cardboard354.jpg,CARDBOARD
cardboard355.jpg,CARDBOARD
cardboard356.jpg,CARDBOARD
cardboard357.jpg,CARDBOARD
cardboard358.jpg,CARDBOARD
cardboard359.jpg,CARDBOARD
cardboard360.jpg,CARDBOARD
cardboard361.jpg,CARDBOARD
cardboard362.jpg,CARDBOARD
cardboard363.jpg,CARDBOARD
cardboard364.jpg,CARDBOARD
cardboard365.jpg,CARDBOARD
cardboard366.jpg,CARDBOARD
cardboard367.jpg,CARDBOARD
cardboard368.jpg,CARDBOARD
cardboard369.jpg,CARDBOARD
cardboard370.jpg,CARDBOARD
cardboard371.jpg,CARDBOARD
cardboard372.jpg,CARDBOARD
cardboard373.jpg,CARDBOARD
cardboard374.jpg,CARDBOARD
cardboard375.jpg,CARDBOARD
cardboard376.jpg,CARDBOARD
cardboard377.jpg,CARDBOARD
cardboard378.jpg,CARDBOARD
cardboard379.jpg,CARDBOARD
cardboard380.jpg,CARDBOARD
cardboard381.jpg,CARDBOARD
cardboard382.jpg,CARDBOARD
cardboard383.jpg,CARDBOARD
cardboard384.jpg,CARDBOARD
cardboard385.jpg,CARDBOARD
cardboard386.jpg,CARDBOARD
cardboard387.jpg,CARDBOARD
cardboard388.jpg,CARDBOARD
cardboard389.jpg,CARDBOARD
cardboard390.jpg,CARDBOARD
cardboard391.jpg,CARDBOARD
cardboard392.jpg,CARDBOARD
cardboard393.jpg,CARDBOARD
cardboard394.jpg,CARDBOARD
cardboard395.jpg,CARDBOARD
cardboard396.jpg,CARDBOARD
cardboard397.jpg,CARDBOARD
cardboard398.jpg,CARDBOARD
cardboard399.jpg,CARDBOARD
cardboard400.jpg,CARDBOARD
cardboard401.jpg,CARDBOARD
cardboard402.jpg,CARDBOARD
cardboard403.jpg,CARDBOARD
plastic106.jpg,PLASTIC
plastic107.jpg,PLASTIC
plastic108.jpg,PLASTIC
plastic109.jpg,PLASTIC
plastic110.jpg,PLASTIC
plastic111.jpg,PLASTIC
plastic112.jpg,PLASTIC
plastic113.jpg,PLASTIC
plastic114.jpg,PLASTIC
plastic115.jpg,PLASTIC
plastic116.jpg,PLASTIC
plastic117.jpg,PLASTIC
plastic118.jpg,PLASTIC
plastic119.jpg,PLASTIC
plastic120.jpg,PLASTIC
plastic121.jpg,PLASTIC
plastic122.jpg,PLASTIC
plastic123.jpg,PLASTIC
plastic124.jpg,PLASTIC
plastic125.jpg,PLASTIC
plastic126.jpg,PLASTIC
plastic127.jpg,PLASTIC
plastic128.jpg,PLASTIC
plastic129.jpg,PLASTIC
plastic130.jpg,PLASTIC
plastic131.jpg,PLASTIC
plastic132.jpg,PLASTIC
plastic133.jpg,PLASTIC
plastic134.jpg,PLASTIC
plastic135.jpg,PLASTIC
plastic136.jpg,PLASTIC
plastic137.jpg,PLASTIC
plastic138.jpg,PLASTIC
plastic139.jpg,PLASTIC
plastic140.jpg,PLASTIC
plastic141.jpg,PLASTIC
plastic142.jpg,PLASTIC
plastic143.jpg,PLASTIC
plastic144.jpg,PLASTIC
plastic145.jpg,PLASTIC
plastic146.jpg,PLASTIC
plastic147.jpg,PLASTIC
plastic148.jpg,PLASTIC
plastic149.jpg,PLASTIC
plastic150.jpg,PLASTIC
plastic151.jpg,PLASTIC
plastic152.jpg,PLASTIC
plastic153.jpg,PLASTIC
plastic154.jpg,PLASTIC
plastic155.jpg,PLASTIC
plastic156.jpg,PLASTIC
plastic157.jpg,PLASTIC
plastic158.jpg,PLASTIC
plastic159.jpg,PLASTIC
plastic160.jpg,PLASTIC
plastic161.jpg,PLASTIC
plastic162.jpg,PLASTIC
plastic163.jpg,PLASTIC
plastic164.jpg,PLASTIC
plastic165.jpg,PLASTIC
plastic166.jpg,PLASTIC
plastic167.jpg,PLASTIC
plastic168.jpg,PLASTIC
plastic169.jpg,PLASTIC
plastic170.jpg,PLASTIC
plastic171.jpg,PLASTIC
plastic172.jpg,PLASTIC
plastic173.jpg,PLASTIC
plastic174.jpg,PLASTIC
plastic175.jpg,PLASTIC
plastic176.jpg,PLASTIC
plastic177.jpg,PLASTIC
plastic178.jpg,PLASTIC
plastic179.jpg,PLASTIC
plastic180.jpg,PLASTIC
plastic181.jpg,PLASTIC
plastic182.jpg,PLASTIC
plastic183.jpg,PLASTIC
plastic184.jpg,PLASTIC
plastic185.jpg,PLASTIC
plastic186.jpg,PLASTIC
plastic187.jpg,PLASTIC
plastic188.jpg,PLASTIC
plastic189.jpg,PLASTIC
plastic190.jpg,PLASTIC
plastic191.jpg,PLASTIC
plastic192.jpg,PLASTIC
plastic193.jpg,PLASTIC
plastic194.jpg,PLASTIC
plastic195.jpg,PLASTIC
plastic196.jpg,PLASTIC
plastic197.jpg,PLASTIC
plastic198.jpg,PLASTIC
plastic199.jpg,PLASTIC
plastic200.jpg,PLASTIC
plastic201.jpg,PLASTIC
plastic202.jpg,PLASTIC
plastic203.jpg,PLASTIC
plastic204.jpg,PLASTIC
plastic205.jpg,PLASTIC
plastic206.jpg,PLASTIC
plastic207.jpg,PLASTIC
plastic208.jpg,PLASTIC
plastic209.jpg,PLASTIC
plastic210.jpg,PLASTIC
plastic211.jpg,PLASTIC
plastic212.jpg,PLASTIC
plastic213.jpg,PLASTIC
plastic214.jpg,PLASTIC
plastic215.jpg,PLASTIC
plastic216.jpg,PLASTIC
plastic217.jpg,PLASTIC
plastic218.jpg,PLASTIC
plastic219.jpg,PLASTIC
plastic220.jpg,PLASTIC
plastic221.jpg,PLASTIC
plastic222.jpg,PLASTIC
plastic223.jpg,PLASTIC
plastic224.jpg,PLASTIC
plastic225.jpg,PLASTIC
plastic226.jpg,PLASTIC
plastic227.jpg,PLASTIC
plastic228.jpg,PLASTIC
plastic229.jpg,PLASTIC
plastic230.jpg,PLASTIC
plastic231.jpg,PLASTIC
plastic232.jpg,PLASTIC
plastic233.jpg,PLASTIC
plastic234.jpg,PLASTIC
plastic235.jpg,PLASTIC
plastic236.jpg,PLASTIC
plastic237.jpg,PLASTIC
plastic238.jpg,PLASTIC
plastic239.jpg,PLASTIC
plastic240.jpg,PLASTIC
plastic241.jpg,PLASTIC
plastic242.jpg,PLASTIC
plastic243.jpg,PLASTIC
plastic244.jpg,PLASTIC
plastic245.jpg,PLASTIC
plastic246.jpg,PLASTIC
plastic247.jpg,PLASTIC
plastic248.jpg,PLASTIC
plastic249.jpg,PLASTIC
plastic250.jpg,PLASTIC
plastic251.jpg,PLASTIC
plastic252.jpg,PLASTIC
plastic253.jpg,PLASTIC
plastic254.jpg,PLASTIC
plastic255.jpg,PLASTIC
plastic256.jpg,PLASTIC
plastic257.jpg,PLASTIC
plastic258.jpg,PLASTIC
plastic259.jpg,PLASTIC
plastic260.jpg,PLASTIC
plastic261.jpg,PLASTIC
plastic262.jpg,PLASTIC
plastic263.jpg,PLASTIC
plastic264.jpg,PLASTIC
plastic265.jpg,PLASTIC
plastic266.jpg,PLASTIC
plastic267.jpg,PLASTIC
plastic268.jpg,PLASTIC
plastic269.jpg,PLASTIC
plastic270.jpg,PLASTIC
plastic271.jpg,PLASTIC
plastic272.jpg,PLASTIC
plastic273.jpg,PLASTIC
plastic274.jpg,PLASTIC
plastic275.jpg,PLASTIC
plastic276.jpg,PLASTIC
plastic277.jpg,PLASTIC
plastic278.jpg,PLASTIC
plastic279.jpg,PLASTIC
plastic280.jpg,PLASTIC
plastic281.jpg,PLASTIC
plastic282.jpg,PLASTIC
plastic283.jpg,PLASTIC
plastic284.jpg,PLASTIC
plastic285.jpg,PLASTIC
plastic286.jpg,PLASTIC
plastic287.jpg,PLASTIC
plastic288.jpg,PLASTIC
plastic289.jpg,PLASTIC
plastic290.jpg,PLASTIC
plastic291.jpg,PLASTIC
plastic292.jpg,PLASTIC
plastic293.jpg,PLASTIC
plastic294.jpg,PLASTIC
plastic295.jpg,PLASTIC
plastic296.jpg,PLASTIC
plastic297.jpg,PLASTIC
plastic298.jpg,PLASTIC
plastic299.jpg,PLASTIC
plastic300.jpg,PLASTIC
plastic301.jpg,PLASTIC
plastic302.jpg,PLASTIC
plastic303.jpg,PLASTIC
plastic304.jpg,PLASTIC
plastic305.jpg,PLASTIC
plastic306.jpg,PLASTIC
plastic307.jpg,PLASTIC
plastic308.jpg,PLASTIC
plastic309.jpg,PLASTIC
plastic310.jpg,PLASTIC
plastic311.jpg,PLASTIC
plastic312.jpg,PLASTIC
plastic313.jpg,PLASTIC
plastic314.jpg,PLASTIC
plastic315.jpg,PLASTIC
plastic316.jpg,PLASTIC
plastic317.jpg,PLASTIC
plastic318.jpg,PLASTIC
plastic319.jpg,PLASTIC
plastic320.jpg,PLASTIC
plastic321.jpg,PLASTIC
plastic322.jpg,PLASTIC
plastic323.jpg,PLASTIC
plastic324.jpg,PLASTIC
plastic325.jpg,PLASTIC
plastic326.jpg,PLASTIC
plastic327.jpg,PLASTIC
plastic328.jpg,PLASTIC
plastic329.jpg,PLASTIC
plastic330.jpg,PLASTIC
plastic331.jpg,PLASTIC
plastic332.jpg,PLASTIC
plastic333.jpg,PLASTIC
plastic334.jpg,PLASTIC
plastic335.jpg,PLASTIC
plastic336.jpg,PLASTIC
plastic337.jpg,PLASTIC
plastic338.jpg,PLASTIC
plastic339.jpg,PLASTIC
plastic340.jpg,PLASTIC
plastic341.jpg,PLASTIC
plastic342.jpg,PLASTIC
plastic343.jpg,PLASTIC
plastic344.jpg,PLASTIC
plastic345.jpg,PLASTIC
plastic346.jpg,PLASTIC
plastic347.jpg,PLASTIC
plastic348.jpg,PLASTIC
plastic349.jpg,PLASTIC
plastic350.jpg,PLASTIC
plastic351.jpg,PLASTIC
plastic352.jpg,PLASTIC
plastic353.jpg,PLASTIC
plastic354.jpg,PLASTIC
plastic355.jpg,PLASTIC
plastic356.jpg,PLASTIC
plastic357.jpg,PLASTIC
plastic358.jpg,PLASTIC
plastic359.jpg,PLASTIC
plastic360.jpg,PLASTIC
plastic361.jpg,PLASTIC
plastic362.jpg,PLASTIC
plastic363.jpg,PLASTIC
plastic364.jpg,PLASTIC
plastic365.jpg,PLASTIC
plastic366.jpg,PLASTIC
plastic367.jpg,PLASTIC
plastic368.jpg,PLASTIC
plastic369.jpg,PLASTIC
plastic370.jpg,PLASTIC
plastic371.jpg,PLASTIC
plastic372.jpg,PLASTIC
plastic373.jpg,PLASTIC
plastic374.jpg,PLASTIC
plastic375.jpg,PLASTIC
plastic376.jpg,PLASTIC
plastic377.jpg,PLASTIC
plastic378.jpg,PLASTIC
plastic379.jpg,PLASTIC
plastic380.jpg,PLASTIC
plastic381.jpg,PLASTIC
plastic382.jpg,PLASTIC
plastic383.jpg,PLASTIC
plastic384.jpg,PLASTIC
plastic385.jpg,PLASTIC
plastic386.jpg,PLASTIC
plastic387.jpg,PLASTIC
plastic388.jpg,PLASTIC
plastic389.jpg,PLASTIC
plastic390.jpg,PLASTIC
plastic391.jpg,PLASTIC
plastic392.jpg,PLASTIC
plastic393.jpg,PLASTIC
plastic394.jpg,PLASTIC
plastic395.jpg,PLASTIC
plastic396.jpg,PLASTIC
plastic397.jpg,PLASTIC
plastic398.jpg,PLASTIC
plastic399.jpg,PLASTIC
plastic400.jpg,PLASTIC
plastic401.jpg,PLASTIC
plastic402.jpg,PLASTIC
plastic403.jpg,PLASTIC
plastic404.jpg,PLASTIC
plastic405.jpg,PLASTIC
plastic406.jpg,PLASTIC
plastic407.jpg,PLASTIC
plastic408.jpg,PLASTIC
plastic409.jpg,PLASTIC
plastic410.jpg,PLASTIC
plastic411.jpg,PLASTIC
plastic412.jpg,PLASTIC
plastic413.jpg,PLASTIC
plastic414.jpg,PLASTIC
plastic415.jpg,PLASTIC
plastic416.jpg,PLASTIC
plastic417.jpg,PLASTIC
plastic418.jpg,PLASTIC
plastic419.jpg,PLASTIC
plastic420.jpg,PLASTIC
plastic421.jpg,PLASTIC
plastic422.jpg,PLASTIC
plastic423.jpg,PLASTIC
plastic424.jpg,PLASTIC
plastic425.jpg,PLASTIC
plastic426.jpg,PLASTIC
plastic427.jpg,PLASTIC
plastic428.jpg,PLASTIC
plastic429.jpg,PLASTIC
plastic430.jpg,PLASTIC
plastic431.jpg,PLASTIC
plastic432.jpg,PLASTIC
plastic433.jpg,PLASTIC
plastic434.jpg,PLASTIC
plastic435.jpg,PLASTIC
plastic436.jpg,PLASTIC
plastic437.jpg,PLASTIC
plastic438.jpg,PLASTIC
plastic439.jpg,PLASTIC
plastic440.jpg,PLASTIC
plastic441.jpg,PLASTIC
plastic442.jpg,PLASTIC
plastic443.jpg,PLASTIC
plastic444.jpg,PLASTIC
plastic445.jpg,PLASTIC
plastic446.jpg,PLASTIC
plastic447.jpg,PLASTIC
plastic448.jpg,PLASTIC
plastic449.jpg,PLASTIC
plastic450.jpg,PLASTIC
plastic451.jpg,PLASTIC
plastic452.jpg,PLASTIC
plastic453.jpg,PLASTIC
plastic454.jpg,PLASTIC
plastic455.jpg,PLASTIC
plastic456.jpg,PLASTIC
plastic457.jpg,PLASTIC
plastic458.jpg,PLASTIC
plastic459.jpg,PLASTIC
plastic460.jpg,PLASTIC
plastic461.jpg,PLASTIC
plastic462.jpg,PLASTIC
plastic463.jpg,PLASTIC
plastic464.jpg,PLASTIC
plastic465.jpg,PLASTIC
plastic466.jpg,PLASTIC
plastic467.jpg,PLASTIC
plastic468.jpg,PLASTIC
plastic469.jpg,PLASTIC
plastic470.jpg,PLASTIC
plastic471.jpg,PLASTIC
plastic472.jpg,PLASTIC
plastic473.jpg,PLASTIC
plastic474.jpg,PLASTIC
plastic475.jpg,PLASTIC
plastic476.jpg,PLASTIC
plastic477.jpg,PLASTIC
plastic478.jpg,PLASTIC
plastic479.jpg,PLASTIC
plastic480.jpg,PLASTIC
plastic481.jpg,PLASTIC
plastic482.jpg,PLASTIC
O_12568.jpg,WET
O_12569.jpg,WET
O_12570.jpg,WET
O_12571.jpg,WET
O_12572.jpg,WET
O_12573.jpg,WET
O_12574.jpg,WET
O_12575.jpg,WET
O_12576.jpg,WET
O_12577.jpg,WET
O_12578.jpg,WET
O_12579.jpg,WET
O_12580.jpg,WET
O_12581.jpg,WET
O_12582.jpg,WET
O_12583.jpg,WET
O_12584.jpg,WET
O_12585.jpg,WET
O_12586.jpg,WET
O_12587.jpg,WET
O_12588.jpg,WET
O_12589.jpg,WET
O_12590.jpg,WET
O_12591.jpg,WET
O_12592.jpg,WET
O_12593.jpg,WET
O_12594.jpg,WET
O_12595.jpg,WET
O_12596.jpg,WET
O_12597.jpg,WET
O_12598.jpg,WET
O_12599.jpg,WET
O_12600.jpg,WET
O_12601.jpg,WET
O_12602.jpg,WET
O_12603.jpg,WET
O_12604.jpg,WET
O_12605.jpg,WET
O_12606.jpg,WET
O_12607.jpg,WET
O_12608.jpg,WET
O_12609.jpg,WET
O_12610.jpg,WET
O_12611.jpg,WET
O_12612.jpg,WET
O_12613.jpg,WET
O_12614.jpg,WET
O_12615.jpg,WET
O_12616.jpg,WET
O_12617.jpg,WET
O_12618.jpg,WET
O_12619.jpg,WET
O_12620.jpg,WET
O_12621.jpg,WET
O_12622.jpg,WET
O_12623.jpg,WET
O_12624.jpg,WET
O_12625.jpg,WET
O_12626.jpg,WET
O_12627.jpg,WET
O_12628.jpg,WET
O_12629.jpg,WET
O_12630.jpg,WET
O_12631.jpg,WET
O_12632.jpg,WET
O_12633.jpg,WET
O_12634.jpg,WET
O_12635.jpg,WET
O_12636.jpg,WET
O_12637.jpg,WET
O_12638.jpg,WET
O_12639.jpg,WET
O_12640.jpg,WET
O_12641.jpg,WET
O_12642.jpg,WET
O_12643.jpg,WET
O_12644.jpg,WET
O_12645.jpg,WET
O_12646.jpg,WET
O_12647.jpg,WET
O_12648.jpg,WET
O_12649.jpg,WET
O_12650.jpg,WET
O_12651.jpg,WET
O_12652.jpg,WET
O_12653.jpg,WET
O_12654.jpg,WET
O_12655.jpg,WET
O_12656.jpg,WET
O_12657.jpg,WET
O_12658.jpg,WET
O_12659.jpg,WET
O_12660.jpg,WET
O_12661.jpg,WET
O_12662.jpg,WET
O_12663.jpg,WET
O_12664.jpg,WET
O_12665.jpg,WET
O_12666.jpg,WET
O_12667.jpg,WET
O_12668.jpg,WET
O_12669.jpg,WET
O_12670.jpg,WET
O_12671.jpg,WET
O_12672.jpg,WET
O_12673.jpg,WET
O_12674.jpg,WET
O_12675.jpg,WET
O_12676.jpg,WET
O_12677.jpg,WET
O_12678.jpg,WET
O_12679.jpg,WET
O_12680.jpg,WET
O_12681.jpg,WET
O_12682.jpg,WET
O_12683.jpg,WET
O_12684.jpg,WET
O_12685.jpg,WET
O_12686.jpg,WET
O_12687.jpg,WET
O_12688.jpg,WET
O_12689.jpg,WET
O_12690.jpg,WET
O_12691.jpg,WET
O_12692.jpg,WET
O_12693.jpg,WET
O_12694.jpg,WET
O_12695.jpg,WET
O_12696.jpg,WET
O_12697.jpg,WET
O_12698.jpg,WET
O_12699.jpg,WET
O_12700.jpg,WET
O_12701.jpg,WET
O_12702.jpg,WET
O_12703.jpg,WET
O_12704.jpg,WET
O_12705.jpg,WET
O_12706.jpg,WET
O_12707.jpg,WET
O_12708.jpg,WET
O_12709.jpg,WET
O_12710.jpg,WET
O_12711.jpg,WET
O_12712.jpg,WET
O_12713.jpg,WET
O_12714.jpg,WET
O_12918.jpg,WET
O_12919.jpg,WET
O_12920.jpg,WET
O_12921.jpg,WET
O_12922.jpg,WET
O_12923.jpg,WET
O_12924.jpg,WET
O_12925.jpg,WET
O_12926.jpg,WET
O_12927.jpg,WET
O_12928.jpg,WET
O_12929.jpg,WET
O_12930.jpg,WET
O_12931.jpg,WET
O_12932.jpg,WET
O_12933.jpg,WET
O_12934.jpg,WET
O_12935.jpg,WET
O_12936.jpg,WET
O_12937.jpg,WET
O_12938.jpg,WET
O_12939.jpg,WET
O_12940.jpg,WET
O_12941.jpg,WET
O_12942.jpg,WET
O_12943.jpg,WET
O_12944.jpg,WET
O_12945.jpg,WET
O_12946.jpg,WET
O_12947.jpg,WET
O_12948.jpg,WET
O_12949.jpg,WET
O_12950.jpg,WET
O_12951.jpg,WET
O_12952.jpg,WET
O_12953.jpg,WET
O_12954.jpg,WET
O_12955.jpg,WET
O_12956.jpg,WET
O_12957.jpg,WET
O_12958.jpg,WET
O_12959.jpg,WET
O_12960.jpg,WET
O_12961.jpg,WET
O_12962.jpg,WET
O_12963.jpg,WET
O_12964.jpg,WET
O_12965.jpg,WET
O_12966.jpg,WET
O_12967.jpg,WET
O_12968.jpg,WET
O_12969.jpg,WET
O_12970.jpg,WET
O_12971.jpg,WET
O_12972.jpg,WET
O_12973.jpg,WET
O_12974.jpg,WET
O_12975.jpg,WET
O_12976.jpg,WET
O_12977.jpg,WET
O_12978.jpg,WET
O_12979.jpg,WET
O_12980.jpg,WET
O_12981.jpg,WET
O_12982.jpg,WET
O_12983.jpg,WET
O_12984.jpg,WET
O_12985.jpg,WET
O_12986.jpg,WET
O_12987.jpg,WET
O_12988.jpg,WET
O_12989.jpg,WET
O_12990.jpg,WET
O_12991.jpg,WET
O_12992.jpg,WET
O_12993.jpg,WET
O_12994.jpg,WET
O_12995.jpg,WET
O_12996.jpg,WET
O_12997.jpg,WET
O_12998.jpg,WET
O_12999.jpg,WET
O_13000.jpg,WET
O_13001.jpg,WET
O_13002.jpg,WET
O_13003.jpg,WET
O_13004.jpg,WET
O_13005.jpg,WET
O_13006.jpg,WET
O_13007.jpg,WET
O_13008.jpg,WET
O_13009.jpg,WET
O_13010.jpg,WET
O_13011.jpg,WET
O_13012.jpg,WET
O_13013.jpg,WET
O_13014.jpg,WET
O_13015.jpg,WET
O_13016.jpg,WET
O_13017.jpg,WET
O_13018.jpg,WET
O_13019.jpg,WET
O_13020.jpg,WET
O_13021.jpg,WET
O_13022.jpg,WET
O_13023.jpg,WET
O_13024.jpg,WET
O_13025.jpg,WET
O_13026.jpg,WET
O_13027.jpg,WET
O_13028.jpg,WET
O_13029.jpg,WET
O_13030.jpg,WET
O_13031.jpg,WET
O_13032.jpg,WET
O_13033.jpg,WET
O_13034.jpg,WET
O_13035.jpg,WET
O_13036.jpg,WET
O_13037.jpg,WET
O_13038.jpg,WET
O_13039.jpg,WET
O_13040.jpg,WET
O_13041.jpg,WET
O_13042.jpg,WET
O_13043.jpg,WET
O_13044.jpg,WET
O_13045.jpg,WET
O_13046.jpg,WET
O_13047.jpg,WET
O_13048.jpg,WET
O_13049.jpg,WET
O_13050.jpg,WET
O_13051.jpg,WET
O_13052.jpg,WET
O_13053.jpg,WET
O_13054.jpg,WET
O_13055.jpg,WET
O_13056.jpg,WET
O_13057.jpg,WET
O_13058.jpg,WET
O_13059.jpg,WET
O_13060.jpg,WET
O_13061.jpg,WET
O_13062.jpg,WET
O_13063.jpg,WET
O_13064.jpg,WET
O_13065.jpg,WET
O_13066.jpg,WET
O_13067.jpg,WET
O_13068.jpg,WET
O_13069.jpg,WET
O_13070.jpg,WET
O_13071.jpg,WET
O_13072.jpg,WET
O_13073.jpg,WET
O_13074.jpg,WET
O_13075.jpg,WET
O_13076.jpg,WET
O_13077.jpg,WET
O_13078.jpg,WET
O_13079.jpg,WET
O_13080.jpg,WET
O_13081.jpg,WET
O_13082.jpg,WET
O_13083.jpg,WET
O_13084.jpg,WET
O_13085.jpg,WET
O_13086.jpg,WET
O_13087.jpg,WET
O_13088.jpg,WET
O_13089.jpg,WET
O_13090.jpg,WET
O_13091.jpg,WET
O_13092.jpg,WET
O_13093.jpg,WET
O_13094.jpg,WET
O_13095.jpg,WET
O_13096.jpg,WET
O_13097.jpg,WET
O_13098.jpg,WET
O_13099.jpg,WET
O_13100.jpg,WET
O_13101.jpg,WET
O_13102.jpg,WET
O_13103.jpg,WET
O_13104.jpg,WET
O_13105.jpg,WET
O_13106.jpg,WET
O_13107.jpg,WET
O_13108.jpg,WET
O_13109.jpg,WET
O_13110.jpg,WET
O_13111.jpg,WET
O_13112.jpg,WET
O_13113.jpg,WET
O_13114.jpg,WET
O_13115.jpg,WET
O_13116.jpg,WET
O_13117.jpg,WET
O_13118.jpg,WET
O_13119.jpg,WET
O_13120.jpg,WET
O_13121.jpg,WET
O_13122.jpg,WET
O_13123.jpg,WET
O_13124.jpg,WET
O_13125.jpg,WET
O_13126.jpg,WET
O_13127.jpg,WET
O_13128.jpg,WET
O_13129.jpg,WET
O_13130.jpg,WET
O_13131.jpg,WET
O_13132.jpg,WET
O_13133.jpg,WET
O_13134.jpg,WET
O_13135.jpg,WET
O_13136.jpg,WET
O_13137.jpg,WET
O_13138.jpg,WET
O_13139.jpg,WET
O_13140.jpg,WET
O_13141.jpg,WET
O_13142.jpg,WET
O_13143.jpg,WET
O_13144.jpg,WET
O_13145.jpg,WET
O_13146.jpg,WET
O_13147.jpg,WET
O_13148.jpg,WET
O_13149.jpg,WET
O_13150.jpg,WET
O_13151.jpg,WET
O_13152.jpg,WET
O_13153.jpg,WET
O_13154.jpg,WET
O_13155.jpg,WET
O_13156.jpg,WET
O_13157.jpg,WET
O_13158.jpg,WET
O_13159.jpg,WET
O_13160.jpg,WET
O_13161.jpg,WET
O_13162.jpg,WET
O_13163.jpg,WET
O_13164.jpg,WET
O_13165.jpg,WET
O_13166.jpg,WET
O_13167.jpg,WET
O_13168.jpg,WET
O_13169.jpg,WET
O_13170.jpg,WET
O_13171.jpg,WET
O_13172.jpg,WET
O_13173.jpg,WET
O_13174.jpg,WET
O_13175.jpg,WET
O_13176.jpg,WET
O_13177.jpg,WET
O_13178.jpg,WET
O_13179.jpg,WET
O_13180.jpg,WET
O_13181.jpg,WET
O_13182.jpg,WET
O_13183.jpg,WET
O_13184.jpg,WET
O_13185.jpg,WET
O_13186.jpg,WET
O_13187.jpg,WET
O_13188.jpg,WET
O_13189.jpg,WET
O_13190.jpg,WET
O_13191.jpg,WET
O_13192.jpg,WET
O_13193.jpg,WET
O_13194.jpg,WET
O_13195.jpg,WET
O_13196.jpg,WET
O_13197.jpg,WET
O_13198.jpg,WET
O_13199.jpg,WET
O_13200.jpg,WET
O_13201.jpg,WET
O_13202.jpg,WET
O_13203.jpg,WET
O_13204.jpg,WET